id,Judul Berita,Isi Berita,Kategori Berita
1,"Belajar Cara Praktis Pembukuan Bisnis, Ikuti Workshop 2 Jam Jago Accurate Online",,Pendidikan
2,Infografis: Pro dan Kontra SPMB Perdana,,Pendidikan
3,Ilmuwan UI Soroti Tak Banyak Peneliti yang Studi tentang Layanan Disabilitas,,Pendidikan
4,"10 Twibbon Hari Batik Nasional 2025, Gratis dan Mudah Dipakai",,Pendidikan
5,"P2G: Bisa Beri Insentif untuk Guru PJ MBG, Kenapa Pemerintah Sulit Menggaji Honorer?",,Pendidikan
6,"Potret Festival Pengabdian Masyarakat UI 2025, Dihadiri Dubes Palestina",,Pendidikan
7,"Bersiap, Beasiswa Patriot Kementrans Bakal Buka Pendaftaran ke Universitas Jepang",,Pendidikan
8,"Guru Dijadikan Penanggung Jawab MBG, P2G: Patut Diduga BGN Coba Lepas Tangan",,Pendidikan
9,"96% Warga Palestina Berpendidikan, Dubes: Otak Jadi Senjata untuk Kalahkan Israel",,Pendidikan
10,"Sebagian Soal TKA SD-SMP Disusun Pemda, Kemendikdasmen: Konteks Lokal",,Pendidikan
11,"Dubes Palestina Ceritakan Sejarah Penjajahan Israel, Minta Rakyat Gaza Tak Lagi Dibunuh",,Pendidikan
12,"Apa Penyebab Gempa Bumi M 6,5 di Sumenep? Ini Penjelasan BMKG",,Pendidikan
13,"Uji Kesetaraan Dihapuskan, Penyetaraan Pakai Nilai TKA!",,Pendidikan
14,"Kisah Ela, Anak Petani Jombang yang Jadi Wisudawan Terbaik Unesa",,Pendidikan
15,"Mengenal Radioaktif Cesium-137 yang Ditemukan di Cikande, Seperti Apa Risikonya?",,Pendidikan
16,"Cucu Keracunan MBG, Mahfud MD: Program Mulia tapi Tata Kelola Harus Jelas",,Pendidikan
17,Dubes Palestina Tanggapi Pidato Presiden Prabowo di PBB: Sebuah Pesan Perdamaian,,Pendidikan
18,Video: Harvard-Donald Trump Capai Kesepakatan USD 500 Juta,,Pendidikan
19,"Kemendikdasmen Sebut TKA Juga Punya Manfaat untuk Guru-Sekolah, Apa Saja?",,Pendidikan
20,"Dosen UB Soroti Kasus Keracunan Massal MBG, Perlukah Diberhentikan?",,Pendidikan
21,"BMKG Ungkap Kapan Puncak Musim Hujan di Indonesia, Cek Tempat Tinggalmu!",,Pendidikan
22,"Beasiswa BPP S3 Dalam Negeri 2025 untuk Dosen-Guru Dibuka, Total Rp 30 Juta",,Pendidikan
23,Teks Ikrar Hari Kesaktian Pancasila dari Kemenbud untuk Dibaca 1 Oktober 2025,,Pendidikan
24,"Sekolah Haruskan Murid Ikut TKA, Komisi X DPR: Wajibin Aja Kalau Berjalan Baik",,Pendidikan
25,"Siswa Keluhkan Mapel Pilihan TKA Dipilihkan Sekolah, Kemendikdasmen Jawab Begini",,Pendidikan
26,"Info GTK 2025: Cara Login, Cek Data, dan Panduan Lengkap",,Pendidikan
27,Komisi X DPR: Naskah Akademik Revisi UU Sisdiknas Hoaks,,Pendidikan
28,Hari Batik Nasional Tanggal Berapa? Ini Jadwal dan Tema Tahun Ini,,Pendidikan
29,"Siap-siap, Pemerintah Mulai Program Magang Nasional 15 Oktober!",,Pendidikan
30,"20 Contoh Soal TKA SMA Mapel Bahasa Indonesia Tingkat Lanjut, Cek Kisi-kisinya!",,Pendidikan
31,Belajar Benda Langit Lewat Pekan Astronomi di Planetarium,,Pendidikan
32,Kalender Oktober 2025: Cek Daftar Libur dan Hari Besar Nasional-Internasional!,,Pendidikan
33,Nilai TKA Jadi Syarat Seleksi Sekolah Kedinasan? Begini Penjelasan Kemendikdasmen,,Pendidikan
34,Video: AIPKI Menampik Ada 'Permainan' di Uji Kompetensi Dokter,,Pendidikan
35,"Cara Daftar Beasiswa Pemerintah Rusia 2026-2027, Cek Panduannya!",,Pendidikan
36,Video Pengamat Nilai Negara Mampu Biayai Sekolah Negeri-Swasta,,Pendidikan
37,Video Guru Madrasah Swasta Protes Gak Bisa Ikut PPPK: Sangat Diskriminatif!,,Pendidikan
38,Video: DPR Curiga Ada 'Permainan' di Uji Kompetensi Mahasiswa Kedokteran,,Pendidikan
39,Video: DPR Soroti Penguatan Regulasi Pendidikan di Bawah Kemenag,,Pendidikan
40,Pemerintah Rusia Buka Kesempatan Beasiswa untuk Mahasiswa Indonesia,,Pendidikan
41,"Rp 100 Ribu buat Guru Penanggung Jawab MBG, JPPI: Penawar Pahit Minim Dosis",,Pendidikan
42,Survei: Hanya 13 Persen Orang Tua Tahu TKA Bukan Syarat Lanjut Studi,,Pendidikan
43,"Sederet Kritik Publik pada SPMB Perdana, Daya Tampung Kurang-Untungkan Siswa Tertentu",,Pendidikan
44,"Sosok Ida Loemongga, Perempuan Indonesia Pertama yang Bergelar Doktor",,Pendidikan
45,Survei: 88% Orang Tua Murid Anggap Sistem SPMB Lebih Baik dari PPDB Sebelumnya,,Pendidikan
46,"Teliti Temu Kunci, Hermawan Raih Doktor di UB dengan IPK 4,00",,Pendidikan
47,Program Master of Applied Finance SMU Raih Peringkat 1 di Singapura,,Pendidikan
48,Presiden SMU Raih Penghargaan Sustainability Impact Awards 2025,,Pendidikan
49,"20 Contoh Soal dan Jawaban TKA SMA Bahasa Inggris Wajib, Let's Practice!",,Pendidikan
50,"Berkunjung ke Museum A.H. Nasution, Saksi Bisu Tragedi G30S/PKI",,Pendidikan
51,Apakah Hari Kesaktian Pancasila 1 Oktober Ada Libur? Ini Jawabannya,,Pendidikan
52,Keren! Guru Pontianak Ini Pakai AI Ajarkan Bahasa Inggris-Raih Penghargaan UNESCO,,Pendidikan
53,"Prospek Cerah, CMK Ajak Mahasiswa Intip Peluang di Industri Perhiasan",,Pendidikan
54,"Komputer Sekolah Tak Memadai, Bagaimana Melaksanakan TKA?",,Pendidikan
55,Pengumuman Akhir OMI Riset 2025 Bisa Dicek Kapan? Ini Jadwalnya,,Pendidikan
56,Mendikdasmen Ajak Pelajar Samarinda Terapkan Tujuh Kebiasaan Sehat Lewat Senam,,Pendidikan
57,"Link Simulasi TKA 2025, Siswa SMA hingga SMK Wajib Coba!",,Pendidikan
58,15 Contoh Soal Plus Jawaban dan Pembahasan TKA SMA 2025 Matematika Wajib,,Pendidikan
59,"Mapel Pilihan TKA Harus Ada di Rapor, Minimal Berapa Semester?",,Pendidikan
60,"Ada Lowongan Kerja PLN Group 2025, Terbuka untuk Lulusan D3-S1",,Pendidikan
61,"Prediksi Cuaca Berbagai Daerah Sepekan ke Depan, Waspada Hujan-Petir!",,Pendidikan
62,"Peringatan-peringatan pada 30 September, Tak Hanya tentang G30S PKI",,Pendidikan
63,"BCA Buka Lowongan Kerja untuk Lulusan Ini, Apa Saja Syaratnya?",,Pendidikan
64,Mengapa Harus Pasang Bendera Setengah Tiang Tiap 30 September? Ini Alasannya,,Pendidikan
65,"Kiat Memilih Mapel Pilihan TKA, Masih Bisa Diganti Sebelum 5 Oktober!",,Pendidikan
66,Nama-nama Pahlawan yang Gugur dalam G30S PKI dan Bagaimana Penangkapannya,,Pendidikan
67,"Disentil Prabowo, Ini Daftar Menteri Kabinet Merah Putih Lulusan S3 atau Doktor",,Pendidikan
68,Dosen Unpad: Dosen Bisa Tahu Mana Tugas Hasil AI dan Bukan,,Pendidikan
69,"Mega Proyek Perikanan Rp 72 T, Pakar UGM Sorot Tantangan Ini",,Pendidikan
70,"Korban G30S PKI: 6 Jenderal, 1 Perwira, Gerwani, hingga Etnis Tionghoa",,Pendidikan
71,"10 Provinsi dengan Persentase Pendaftar TKA Terendah SMA-SMK, Masih Ada Waktu!",,Pendidikan
72,Hari Kesaktian Pancasila 1 Oktober Apakah Libur? Anak Sekolah Cek Dulu!,,Pendidikan
73,"Nilai-Nilai Pancasila: Pengertian, Jenis, dan Contoh yang Mudah Dipahami",,Pendidikan
74,"Menteri Bergelar Doktor Kena Sentil, Prabowo: Kelewatan Kalau Tak Bisa Perbaiki Sistem",,Pendidikan
75,"Video: Kemendikdasmen Bikin Program Instruktur Naik Kelas, Apa Itu?",,Pendidikan
76,Video Alasan Guru Pandeglang Karaoke di Sekolah: Coba TV Bantuan Pemerintah,,Pendidikan
77,Infografis: Ternyata Lulusan Terbanyak di Indonesia dari Bidang Ini!,,Pendidikan
78,"Beragam Cara Mahasiswa Pakai AI, Brainstorming Tugas-Curhat",,Pendidikan
79,Video Tambah Tahu: Makna Nasionalisme di Balik Bendera Setengah Tiang 30 September,,Pendidikan
80,"Perbedaan Hari Kesaktian Pancasila dan Hari Lahir Pancasila, Simak Sejarahnya!",,Pendidikan
81,"10 Negara dengan Kebebasan Pers Terbaik di Dunia, Indonesia Nomor Berapa?",,Pendidikan
82,"20 Contoh Soal dan Jawaban TKA SMA 2025 Bahasa Indonesia Wajib, Kerjakan Yuk!",,Pendidikan
83,"Cerita Nasywa Terpilih Google Student Ambassador 2025, Sisihkan 12 Ribu Pelamar",,Pendidikan
84,"20 Contoh Soal TKA SMA 2025: Bahasa Indonesia, Matematika, dan Bahasa Inggris Wajib",,Pendidikan
85,"Cuaca Pekan Ini: Banyak yang Dilanda Hujan karena Siklon Bualoi, Cek Wilayahmu!",,Pendidikan
86,"Dukung MBG, Kemendikdasmen Siapkan Balai di 16 Provinsi Jadi Kantor PPG",,Pendidikan
87,Adakah Libur Nasional Bulan Oktober 2025? Begini Peraturannya,,Pendidikan
88,"Cara Daftar Tes Kemampuan Akademik (TKA), Murid Harus Persiapkan Hal Ini!",,Pendidikan
89,"Mapel Pilihan TKA Tak Ada Informatika hingga Seni, Kemendikdasmen Respons Begini",,Pendidikan
90,Google Pilih 800 Google Student Ambassador 2025 untuk Bantu Mahasiswa Belajar AI,,Pendidikan
91,Kapan TKA SMA 2025? Cek Jadwal Resmi dari Kemendikdasmen,,Pendidikan
92,Video: Draf Final RUU Sisdiknas Siap Dipaparkan ke Publik Besok,,Pendidikan
93,"Selamat Hari Sarjana Nasional 2025, Ini Sarjana Pertama di Indonesia!",,Pendidikan
94,"Kronologi G30S PKI: Sejarah Singkat, Latar Belakang, dan Awal Lahirnya Orde Baru",,Pendidikan
95,"Hari Pertama MPLS, Siswa Baru SR Terintegrasi 70 Mulai Masuk Asrama",,Pendidikan
96,"Lebih Dari 2,5 Juta Murid Sudah Daftar TKA, Registrasi Ditutup 5 Oktober 2025",,Pendidikan
97,"Bantuan Kuliah S1-S3 Baznas & PP Muhammadiyah, Mulai dari Rp 5 Juta",,Pendidikan
98,Ternyata Ada Bakteri Salmonella di Sampel Makanan Program MBG di Bandung Barat,,Pendidikan
99,"JPPI Ungkap 3 Masalah Fundamental MBG, Apa Saja?",,Pendidikan
100,Apakah Mapel Pilihan TKA Bisa Diganti? Kemendikdasmen Bilang Begini,,Pendidikan
101,"Menurut Studi, Dua Pertiga Perilaku Sehari-hari Kita Ternyata Autopilot",,Pendidikan
102,"Ternyata Tertawa Itu Memang Menular, Ini Penjelasan Ilmiahnya",,Pendidikan
103,"Kepala BGN Dipanggil Prabowo, Diminta Cegah Keracunan MBG dengan 4 Langkah Ini",,Pendidikan
104,"5 Masalah yang Hanya Dimiliki Orang-orang Cerdas, Kamu Mengalami?",,Pendidikan
105,"Pakar Ungkap Dilema Program Magang Nasional: Bantu Fresh Graduate, Tapi...",,Pendidikan
106,"Lowongan Magang Bakti BCA untuk SMA/SMK hingga S1, Ini Syarat IPK-nya",,Pendidikan
107,"Rekrutmen Relawan Pajak 2025 Dibuka, Mahasiswa Ayo Daftar!",,Pendidikan
108,Video: Deretan Fun Fact Sosok BJ Habibie yang Jarang Diketahui,,Pendidikan
109,Serba-serbi Seleksi Administrasi PPG Guru Tertentu: Biaya hingga Batas Pendaftaran,,Pendidikan
110,"Beasiswa AI IDCamp 2025 Dibuka, Kuota 100.000 Akses Belajar Gratis",,Pendidikan
111,"Galeri Nasional Bagi-bagi Tiket Gratis Masuk Museum untuk 7 Golongan, Cek!",,Pendidikan
112,Puluhan Guru Besar ITB Lari 180 Km Jakarta-Bandung untuk Galang Dana Beasiswa-Riset,,Pendidikan
113,"Pendaftaran BPI 2025 Diperpanjang hingga 29 September, Cek Lagi Syaratnya!",,Pendidikan
114,"Banyak Kasus Keracunan MBG di Sekolah, Begini Respons Presiden Prabowo",,Pendidikan
115,"Tips Sukses buat Esai Beasiswa: Harus Jujur, Personal, dan Bikin 'Malu'",,Pendidikan
116,Jangan Asal! Ini Pentingnya Berpikir Kritis Sebelum Pilih Kampus,,Pendidikan
117,"Kini, Daftar Beasiswa LPDP Afirmasi Dalam Negeri Tak Perlu Lagi Sertifikat Bahasa Inggris",,Pendidikan
118,"Beasiswa LPDP 2026 Buka Kuota 4.000 Mahasiswa, Bidang STEM Diprioritaskan",,Pendidikan
119,Mitos atau Fakta: Benarkah Kumis Kucing Terhubung ke Indra Penciuman?,,Pendidikan
120,Keren! 14 Dosen UGM Masuk Daftar Ilmuwan 2% Teratas Dunia Versi Stanford,,Pendidikan
121,"Kisah Kesaksian Sukitman, Pemberi Petunjuk Lokasi Korban G30S PKI",,Pendidikan
122,"3 Fenomena Astronomi yang Bakal Hiasi Langit Oktober 2025, Jangan Terlewat Ya!",,Pendidikan
123,"10 Negara Paling Inovatif di Asia, Indonesia Kalah dari Malaysia",,Pendidikan
124,Siapa Penemu HP? Ini Sejarah Awal dan Ponsel Pertama yang Diciptakan,,Pendidikan
125,Tujuan dan Kegunaan Tes Kemampuan Akademik (TKA) untuk Jenjang SD sampai SMA,,Pendidikan
126,Kedatangan Bangsa Belanda ke Indonesia: Sejarah & Latar Belakang dari VOC-Penjajahan,,Pendidikan
127,Terbatas! Promo Early Bird Kelas Sertifikasi BNSP RI Hanya di detikevent,,Pendidikan
128,"Ilmuwan Teliti Orang Tertua di Dunia Berusia 117 Tahun, Begini Rahasia Hidupnya",,Pendidikan
129,"Ukuran Pohon-pohon di Amazon Kian Membesar, Kabar Baik atau Buruk?",,Pendidikan
130,"Lulusan Ilmu Sosial-Manajemen di RI Jauh Mendominasi Bidang Lain, Cek Datanya!",,Pendidikan
131,Mengapa Indonesia Tidak Dilewati Topan? Ini Penjelasan Ilmiahnya,,Pendidikan
132,"Video Biomagnifikasi, Alasan Ikan Hiu Punya Kandungan Merkuri Tinggi",,Pendidikan
133,"Melihat Kiprah PKBM: Rangkul Anak Punk-Disabilitas, Latih IRT Berwirausaha",,Pendidikan
134,BRIN: Indonesia Peringkat Dua Cadangan Panas Bumi di Dunia,,Pendidikan
135,Video: RUU Sisdiknas Sudah Sampai Mana? Ini Kata Wamendikdasmen,,Pendidikan
136,BGN Jabarkan Rincian Jatah MBG Rp 15.000 Per Anak,,Pendidikan
137,"Yuk, Rayakan Hari Kesaktian Pancasila 2025 dengan 10 Twibbon Keren dan Kreatif Ini!",,Pendidikan
138,"SPBU Swasta Dibatasi, Pengamat Minta Pemerintah Buka Lagi Akses Impor BBM",,Pendidikan
139,"Google Rayakan Ultah ke-27, Si Mesin Pencarian Raksasa Lahir dari Mahasiswa",,Pendidikan
140,Strategi Sekolah-sekolah Hadapi TKA: Bedah Kisi-Kisi hingga Pembinaan Khusus,,Pendidikan
141,"KAI Properti Buka Lowongan untuk 11 Formasi, Cek Syaratnya!",,Pendidikan
142,"Nadi Suprapto, Satu-satunya Ilmuwan Asal Unesa yang Masuk Top 2% Peneliti Dunia 2025",,Pendidikan
143,"Aula Barat dan Timur ITB Diajukan Jadi Cagar Budaya Nasional, Ini Sederet Alasannya",,Pendidikan
144,"50 Contoh Gurindam Lengkap Berbagai Tema, Nasihat tentang Tuhan-Orang Tua",,Pendidikan
145,"Belajar Kelola RAB Proyek Real-Time, Studi Kasus Nyata dengan Software Accurate",,Pendidikan
146,"Melihat Pameran Karya Raya 2025, Tampilkan 1.850 Buku Karya Siswa SD-SMP",,Pendidikan
147,"Temuan Ribuan Telur Dinosaurus Berusia 86 Juta Tahun Lalu, Ilmuwan Ungkap Fakta Ini",,Pendidikan
148,Anak-Remaja Mau Terbitkan Buku? Kemenekraf Siap Fasilitasi,,Pendidikan
149,"RUU Sisdiknas Mau Diuji Publik, Wamendikdasmen Sebut Poin-poin Pentingnya",,Pendidikan
150,Apakah Siswa Tidak Ikut SNBP 2026 Harus Ikut TKA? Begini Penjelasannya,,Pendidikan
151,"Telkom University Buka Rekrutmen Dosen, Cek Syarat dan Batas Waktu Daftarnya!",,Pendidikan
152,Perpustakaan Jakarta Raih Rekor MURI Pencetak Buku Anak Terbanyak Tingkat Provinsi,,Pendidikan
153,"9 Dosen Unpad Masuk 2% Peneliti Teratas Dunia Versi Stanford, Ini Daftarnya",,Pendidikan
154,Nilai TKA Diusulkan buat Seleksi Masuk Akpol-Akmil,,Pendidikan
155,"Wamendikdasmen Sebut Semua Sekolah Termasuk yang Elite Dapat IFP, Kecuali Menolak",,Pendidikan
156,"Pendidikan dr Tan Shot Yen, Lulusan FKUI-Kampus Filsafat yang Kritik Menu MBG",,Pendidikan
157,"Guru Belum Prioritas, Hampir 30% Anggaran Pendidikan 2026 Dipakai untuk MBG",,Pendidikan
158,"Wamendikdasmen: Buta Aksara di Indonesia Masih 0,92%, Tahun Ini Semoga Tuntas",,Pendidikan
159,Ribuan Judul Buku Jadi Incaran Pengunjung IIBF ke-45,,Pendidikan
160,Tanggapan BGN Usai Menu MBG Dikritik: Sering Variasi Menu Permintaan Anak-anak,,Pendidikan
161,"157 Negara Akui Palestina, Dosen UGM Sorot Konsekuensinya",,Pendidikan
162,"Ramai Kasus Keracunan MBG Hiu Goreng, Apakah Manusia Bisa Makan Daging Hiu?",,Pendidikan
163,"Protes 'Stop Tot Tot Wuk Wuk', Pakar IPB: Potensi Pembangkangan Sipil",,Pendidikan
164,"15 Periset UI Masuk 2% Peneliti Teratas Dunia Versi Stanford, Siapa Saja?",,Pendidikan
165,"Keseruan ASEAN Robotic Day 2025, Bisa Tanding  Bola dengan Robot!",,Pendidikan
166,Pakar IPB Ungkap Bahaya Remaja Curhat ke AI: Bisa Bikin Ketergantungan!,,Pendidikan
167,Kepala Disdik DKI Jakarta Imbau Semua Siswa Ikut TKA 2025,,Pendidikan
168,"Hari Ini, 511 Peserta Siap Bertanding di ASEAN Robotic Day 2025",,Pendidikan
169,"6 Tokoh Terkenal di Dunia yang Berasal dari India, Gandhi hingga CEO Google",,Pendidikan
170,"TKA Bisa Didaftarkan dari Luar Negeri, Registrasi Masih Dibuka hingga 5 Oktober!",,Pendidikan
171,"Inspirasi dari Wisudawan Tertua ITS, Raih IPK 3,95 pada Usia 63 Tahun",,Pendidikan
172,"Pendaftaran Program Pascasarjana Unpad Semester Genap 2025/2026 Dibuka, Cek!",,Pendidikan
173,Apakah Hari Kesaktian Pancasila 1 Oktober Siswa Libur? Cek Ketentuan Resminya,,Pendidikan
174,"Hemat Waktu dan Biaya, Kuasai RAB Proyek Lewat Kelas Eksklusif Software ACCURATE",,Pendidikan
175,Tabel Perkalian 1-10 Lengkap dengan Trik Cepat Menghafal,,Pendidikan
176,Membangun Karakter Positif jadi Mudah Lewat Kelas Online Pengembangan Diri,,Pendidikan
177,KLH Perkenalkan Instrumen Kepedulian Lingkungan di Sekolah,,Pendidikan
178,ANBK SD di Jambi Terpaksa Digelar di Rumah Guru,,Pendidikan
179,Infografis: Alokasi Anggaran Pendidikan dalam APBN 2026,,Pendidikan
180,Siswa Suka Gugup Saat Presentasi di Kelas? Ini 3 Tips Mengatasinya,,Pendidikan
181,"Kreatif, Siswa SMKN 1 Plupuh Bikin Seragam Batik Sendiri",,Pendidikan
182,Jawaban Istana soal Usulan JPPI agar MBG Disetop,,Pendidikan
183,"LKPP Buka Pendaftaran Magang 2025 untuk Mahasiswa dan Fresh Graduate, Berminat?",,Pendidikan
184,"Atlas Indonesia Edisi 38 Provinsi Hadir, Ini Proses Pembuatannya",,Pendidikan
185,BINUS SCHOOL Serpong Padukan Cambridge & IB untuk Siapkan Generasi Unggul,,Pendidikan
186,Apa Itu Bintang Jasa Utama yang Diberikan Prabowo untuk Bill Gates?,,Pendidikan
187,"Kritik Keras Menu MBG Susu hingga Snack, Ahli Gizi: Nggak Masuk Akal",,Pendidikan
188,Ahli BIG: Literasi Geospasial Penting bagi Siswa untuk Memecahkan Masalah,,Pendidikan
189,BMKG Peringatkan Dampak Topan Ragasa di Indonesia: Wilayah Ini Bakal Diguyur Hujan!,,Pendidikan
190,"Alih-alih Pakai Google Maps, Ini Pentingnya Belajar Geografi dari Atlas",,Pendidikan
191,"Susul Pengakuan, Inggris Update Peta Palestina di Laman Resmi",,Pendidikan
192,Motor Ojol Itu Antarkan Afani Gapai Cita-cita Jadi Dokter,,Pendidikan
193,"Pendaftaran SMA Unggulan CT Arsa Dibuka, Sekolah Gratis Plus Dapat Laptop!",,Pendidikan
194,5 Dosen UNS Masuk Daftar 2% Peneliti Dunia Versi Stanford/Elsevier,,Pendidikan
195,DPR Minta Kemendikdasmen Bareng BGN Cari Solusi Keracunan MBG,,Pendidikan
196,"3 Pekerjaan yang Aman dari Ancaman AI, Dokter Termasuk?",,Pendidikan
197,"Profil Abdullah Azwar Anas, Eks Menpan yang Diperiksa di Kasus Pengadaan Chromebook",,Pendidikan
198,"Beda dengan Indonesia, India Punya 8 Ujian Masuk Perguruan Tinggi!",,Pendidikan
199,"Cara Cek PIP Lewat HP 2025: Panduan Resmi untuk SD, SMP, dan SMA",,Pendidikan
200,Memasak Pakai Garpu-Sendok Logam Bikin Daging Lebih Empuk? Ini Kata Sains,,Pendidikan
201,"Beasiswa Baznas Rusia 2025 Dibuka Lagi, Begini Syaratnya",,Pendidikan
202,"10 Negara dengan Inovasi Terbaik di Dunia, Indonesia Tak Masuk 50 Besar",,Pendidikan
203,Benarkah Hewan Punya Konsep Pejantan Alfa yang Dominan?,,Pendidikan
204,Video Brian Yuliarto Masuk World's Top 2% Scientists 4 Tahun Berturut-turut,,Pendidikan
205,"BP Tapera Buka 19 Lowongan Kerja Tahap 2 2025 , Ada yang untuk Semua Jurusan",,Pendidikan
206,"Bentuk Perubahan Sosial: Contoh, Faktor, dan Dampaknya dalam Kehidupan Sehari-hari",,Pendidikan
207,"Pendaftaran SIMAK UI Pascasarjana Kembali Dibuka, Cek Jadwalnya!",,Pendidikan
208,Perbedaan Sel Hewan dan Sel Tumbuhan: Fungsi dan Penjelasan Lengkapnya,,Pendidikan
209,5 Peserta Terbaik di Kelas Business Kickstarter Episode 2!,,Pendidikan
210,Video: 11 Nama Ilmuwan BRIN dalam Daftar 2% Peneliti Terbaik Dunia,,Pendidikan
211,"Hidup Lebih Baik Dimulai dari Kebiasaan, Daftar Kelas Online Membentuk Karakter",,Pendidikan
212,Tari Indonesia Memukau di 12th Silk Road International Film Festival di China!,,Pendidikan
213,Potret Interactive Flat Planel Bantu Siswa Tunanetra Belajar di Kelas,,Pendidikan
214,"Seperti Ini Wajah Manusia yang Hidup 2.500 Tahun Lalu di India, Punya Tatapan Tajam",,Pendidikan
215,Menguji Otonomi Pendidikan Tinggi,,Pendidikan
216,"Terkenal Sebagai Penghasil Kopi, Mengapa Musang Luwak Bisa Berbau Pandan?",,Pendidikan
217,"16 Peneliti ITB Masuk World's Top 2% Scientist Versi Stanford, Ada Mendiktisaintek",,Pendidikan
218,"Studi Ilmu Alam-Matematika Kian Kurang Diminati, Kemendikdasmen Perkuat Materi STEM",,Pendidikan
219,"SMA Taruna Nusantara Buka Lowongan Guru 2025, Kualifikasi Lulusan S1-S2",,Pendidikan
220,Sekolah Rakyat Semarang Siap Beroperasi Akhir September,,Pendidikan
221,"Mengenal Sumitronomics, Konsep Ekonomi yang Disinggung Menkeu Purbaya",,Pendidikan
222,"UI Buka Lowongan Pegawai Tidak Tetap September 2025, Terbuka untuk Lulusan D3-S2!",,Pendidikan
223,1 Oktober Hari Apa? Ini Penjelasan dan Ketentuan Liburnya,,Pendidikan
224,"Beasiswa SEARCA 2026 Dibuka, Bisa Kuliah di Universitas Asia Tenggara Gratis!",,Pendidikan
225,"Bangga, 8 Dosen Undip Masuk Daftar 2% Ilmuwan Terbaik Dunia!",,Pendidikan
226,"Viral Maba Unsri Disuruh Cium Kening, Himpunan Dibekukan-15 Mahasiswa Diperiksa",,Pendidikan
227,"15 Contoh Prompt Gemini AI Bahasa Indonesia, Ada untuk Edit Foto Wisuda!",,Pendidikan
228,"Prabowo Sebut Siap Kirimkan Puluhan Ribu Personel Pasukan Penjaga Perdamaian, Apa Itu?",,Pendidikan
229,JPPI-FSGI Kritik MBG 28% Anggaran Pendidikan: Evaluasi hingga Realokasi Anggaran,,Pendidikan
230,Apa Itu Quiet Covering? Fenomena di Kalangan Pekerja Gen-Z,,Pendidikan
231,"Mengintip Majunya Edukasi AI di India, Pelajar-Pekerja Wajib Pelajari",,Pendidikan
232,"Jadwal Pelantikan PPPK Paruh Waktu 2025, Siap-siap!",,Pendidikan
233,"Akui 4.700 Porsi MBG Bermasalah, Kenapa BGN Tak Setop MBG Dulu?",,Pendidikan
234,Apakah Gelar Sarjana Masih Penting di Industri Kerja Saat Ini?,,Pendidikan
235,"PT Inka Buka Lowongan PKL untuk Siswa-Mahasiswa, Cek Syaratnya!",,Pendidikan
236,"11 Ilmuwan BRIN Masuk Top 2% Peneliti Dunia Versi Stanford, Ini Daftarnya",,Pendidikan
237,"Awalnya Tugas Kuliah, Mahasiswa UI Menang Penghargaan Festival Film Horor Dunia",,Pendidikan
238,"Realisasi Anggaran Sekolah Rakyat Capai Rp788,7 Miliar",,Pendidikan
239,"Musim Hujan 2025: Prediksi BMKG, Wilayah Rawan Banjir, dan Tips Antisipasi",,Pendidikan
240,SNPMB 2026: Jadwal dan Syarat Terbaru Masuk PTN,,Pendidikan
241,Dosen Unair Temukan Senyawa Berpotensi Antikanker dari Daun 'Apa-Apa',,Pendidikan
242,Respirasi Aerob: Pengertian dan Tahapan Prosesnya Secara Lengkap,,Pendidikan
243,Jangan Lewatkan Pelatihan Menyeluruh Jadi Instruktur Bersertifikasi BNSP RI!,,Pendidikan
244,"Video: Ada Kotak Tua di Depan Pos Bloc Jakarta, Kira-kira Kotak Apa ya?",,Pendidikan
245,Video: Kemendiktisaintek Pastikan Setiap Politeknik Baru Bakal Diuji Akreditasinya,,Pendidikan
246,"Mahasiswa UGM Teliti Komunitas Marah-Marah di X, Solusi Stres atau Ancaman Sosial?",,Pendidikan
247,"Perjalanan ke Ruang Angkasa Bikin Cepat Tua, Studi Bilang Begini",,Pendidikan
248,"Daftar Negara yang Mengakui Palestina, Terbaru Inggris",,Pendidikan
249,Apa Itu Awan Cumulonimbus yang Muncul di Langit Garut? Ini Penjelasannya,,Pendidikan
250,"Mahasiswa RI Raih Juara, Merah Putih Terbentang di Ajang Teknofest 2025 Turki",,Pendidikan
251,Saatnya Tingkatkan Karier Sebagai Trainer Profesional Bersama Master Coach Berpengalaman!,,Pendidikan
252,"Ratusan Siswa Keracunan MBG di Bandung Barat, Benarkah Makanan Tak Layak Konsumsi?",,Pendidikan
253,"Besaran KIP Kuliah Dipangkas Separuh, DPR: Mahasiswa Terancam, PTS Makin Terbebani",,Pendidikan
254,330 Ribu Sekolah Akan Dibekali Layar Digital Pintar Tahun Ini,,Pendidikan
255,Wamen Stella: Sekolah Garuda Berikan Akses dari Kalangan Manapun,,Pendidikan
256,"Anggaran 8 Agenda Prioritas di APBN 2026, Termasuk untuk MBG dan Kesejahteraan Guru",,Pendidikan
257,Universitas Muhammadiyah Malang Jadi Tuan Rumah Olimpiade Sains Nasional,,Pendidikan
258,"Resmi! MBG Dapat Rp 335 T dari APBN 2026, Ambil Jatah Anggaran Pendidikan Rp 223 T",,Pendidikan
259,"JPPI Minta MBG Dihentikan, Kasus Keracunan Wujud Kesalahan Sistem",,Pendidikan
260,"Usulan buat RUU Sisdiknas, Bentuk PT Hanya Universitas dan Universitas Terapan",,Pendidikan
261,Lembaga Kajian Islam dan Sosial Minta RUU Sisdiknas Layani Penghayat Lebih Setara,,Pendidikan
262,"Kompetisi Robotik Madrasah 2025 Dibuka, Ini Ketentuan Pendaftarannya",,Pendidikan
263,"Tok! UU APBN 2026 Disahkan, Anggaran Pendidikan Rp 769,1 T",,Pendidikan
264,Kemdiktisaintek Pastikan Tukin Dosen ASN Juli-Agustus 2025 Cair,,Pendidikan
265,"Aturan Pidato di Sidang Umum PBB, Alasan di Balik Matinya Mikrofon Prabowo",,Pendidikan
266,"Sebut Alat Bukti Tak Cukup, Kuasa Hukum Nadiem Ajukan Praperadilan",,Pendidikan
267,Wamen Stella Sebut Penerimaan Sekolah Garuda Hanya Berdasarkan 3 Hal Ini,,Pendidikan
268,8 Ilmuwan UNDIP Masuk Daftar 2% Teratas Dunia Tahun 2025,,Pendidikan
269,"Deklarasi Balfour, Bagian Sejarah yang Diungkit Usai Inggris Akui Palestina",,Pendidikan
270,"Pendaftaran KJMU 2025 Tahap 2 Diperpanjang, Buruan Daftar!",,Pendidikan
271,Isi Pidato Prabowo di PBB Lengkap dengan Poin-poin tentang Palestina,,Pendidikan
272,"Arkeolog Temukan Harta Karun Kuno, Ungkap Kemewahan Rumah Elite Romawi",,Pendidikan
273,"5 Ilmuwan PTKIN Masuk Top 2% Dunia dari Stanford-Elsevier 2025, Cek Daftarnya!",,Pendidikan
274,"Beasiswa S1-Postdoc di Rusia 2026, Bisa Sambil Kerja",,Pendidikan
275,"5 PTN Ini Terima Mahasiswa Kedokteran Lewat Jalur Ketua OSIS, Ada Incaranmu?",,Pendidikan
276,Video Komisi X Minta Prabowo Naikkan Gaji Guru Honorer yang Penuhi Syarat,,Pendidikan
277,"8 Negara Terbaik untuk Pensiun di Asia, Indonesia Nomor Satu",,Pendidikan
278,"Pro-Kontra Wacana Satu Orang Satu Akun Medsos, Dosen Komunikasi Unair Bilang Begini",,Pendidikan
279,"Cara Cek Bantuan PIP Lewat HP, Mudah dan Cepat",,Pendidikan
280,"Angka Romawi: Sejarah, Fungsi, dan Daftar Penulisan 1-100",,Pendidikan
281,Video: Komisi X DPR RI Soroti Perkembangan Sekolah Garuda-Sekolah Rakyat,,Pendidikan
282,Video: Komisi X DPR Soroti Penurunan Jumlah Sekolah Negeri dari SD hingga SMA,,Pendidikan
283,Video: Komisi X DPR Soroti RI Belum Punya Roadmap Pendidikan yang Jelas,,Pendidikan
284,Prasasti Kuno Abad ke-6 Ungkap Dedikasi Kaisar Justinianus di Kosovo,,Pendidikan
285,Tinggal 1 Hari Lagi! Daftar Kelas 2 Jam Bisnis Melejit dengan CRM dari detikcourse,,Pendidikan
286,Video: Peran Baru Nilai TKA dalam Syarat Ikut SNBP 2026,,Pendidikan
287,Jam Berapa Waktu yang Ideal untuk Tidur?,,Pendidikan
288,"Ilmuwan Teriak, Jumlah Komodo di Dunia Tinggal 3.300 Ekor!",,Pendidikan
289,Mahasiswa Nepal di Luar Negeri Terhimpit Biaya Kuliah Usai Krisis Politik,,Pendidikan
290,Organisasi Politeknik RI Usul Hadirnya Universitas Terapan di UU Sisdiknas,,Pendidikan
291,"Beredar Link Unduh Sertifikat Sulingjar, Kemendikdasmen: Itu Hoaks!",,Pendidikan
292,"6 Tahun Terabaikan, SDN di Situbondo Biarkan Siswa Belajar di Ruang Rusak",,Pendidikan
293,Resmi! Lowongan Kerja Dilarang Syaratkan Penampilan Menarik hingga Tahan Ijazah,,Pendidikan
294,"Video Deklarasi Balfour Diungkit Setelah Inggris Akui Palestina, Apa Itu?",,Pendidikan
295,"Tidak Diwajibkan, Kemendikdasmen Tegaskan Daftar TKA Gratis!",,Pendidikan
296,Lolos SNBP 2026 tapi Tidak Diambil? Siap-siap Kena Blacklist!,,Pendidikan
297,Kapan CPNS 2025 Dibuka? Wajib Tahu Info Awal Ini Biar Nggak Telat Daftar,,Pendidikan
298,"Profil Pendidikan Wapres Gibran Kembali Disorot, 2 Kali Lanjut SMA di LN",,Pendidikan
299,"Kisah Sifan Hampir Jadi Juru Parkir, Selamat karena Masuk Sekolah Rakyat",,Pendidikan
300,"TKA Jadi Ujian Penentuan Kelulusan Murid Pendidikan Informal, Pahami Yuk!",,Pendidikan
301,"Peneliti BRIN Prediksi Ketersediaan Air di IKN, Seperti Apa Hasilnya?",,Pendidikan
302,"Rekrutmen Pa PK TNI 2025 Dibuka untuk Lulusan D4, S1, hingga S2, Ini Syarat IPK-nya",,Pendidikan
303,Perbandingan Guru PNS dan Guru Honorer: Gaji hingga Tunjangan,,Pendidikan
304,"Ilmuwan Kenalkan Kepribadian Baru Otrovert, Bukan Introvert atau Extrovert",,Pendidikan
305,"Wujud Baju Astronaut Ciptaan Peneliti Indonesia, Irmandy Wicaksono",,Pendidikan
306,Apa Itu Tax Amnesty yang Ditolak Menteri Purbaya? Ini Penjelasannya,,Pendidikan
307,"Kisah Abida, Anak Pedagang yang Hafal 30 Juz dan Raih Beasiswa Kuliah",,Pendidikan
308,"Karya-karya Irmandy Wicaksono, Salah Satu Top 35 Inovator Global Versi Media MIT",,Pendidikan
309,Video: Nilai TKA Bersifat Wajib Dipegang Siswa Buat SNBP 2026,,Pendidikan
310,"Magang Nasional 2025 Khusus Fresh Graduate: Syarat, Gaji, dan Jadwal",,Pendidikan
311,Begini Cerita Irmandy Jadi Dosen di NUS dan Punya Lab Riset Sendiri,,Pendidikan
312,Video: Cerita Para Ilustrator Bikin Buku Cerita Anak,,Pendidikan
313,Apakah Sertifikat TKA Punya Masa Berlaku? Kemendikdasmen Jawab Begini,,Pendidikan
314,"Kebijakan Sekolah-Sekolah Swasta soal TKA, Semua Siswa Ikut?",,Pendidikan
315,"Daftar Presiden RI yang Pidato di Sidang Umum PBB, Prabowo Menyusul",,Pendidikan
316,10 Prompt Gemini AI Bahasa Indonesia untuk Edit Foto,,Pendidikan
317,"6 Kebiasaan yang Bikin Mental Sehat, Sudah Kamu Lakukan?",,Pendidikan
318,"Ini Dia 10 Dampak Positif Globalisasi bagi Pendidikan, Ekonomi, dan Budaya",,Pendidikan
319,"Suasana Hari Pertama Sekolah di Baghdad, Siswa Antusias Sambut Tahun Ajaran Baru",,Pendidikan
320,Bulan Semakin Menjauh dari Bumi? Ini Penjelasan Ilmiahnya,,Pendidikan
321,Peneliti Indonesia Irmandy Wicaksono Masuk Top 35 Inovator Global Versi Media MIT,,Pendidikan
322,Bolehkah Melihat Gerhana Matahari Parsial Secara Langsung?,,Pendidikan
323,"Rekor Penyelam Tahan Napas sampai 29 Menit di Dasar Kolam, Kok Bisa?",,Pendidikan
324,Video: Rano Karno Sebut Minat Baca Warga Jakarta Tinggi tapi Terkendala Waktu,,Pendidikan
325,"7 Ilmuwan Unhas Masuk Top 2% Dunia, Rektor: Kontribusi Nyata Pengetahuan",,Pendidikan
326,"BMKG Ungkap Penyebab Gempa Bogor-Sukabumi, Beruntun 29 Kali!",,Pendidikan
327,Video: Pemprov DKI Jakarta-Maluku Kolaborasi di Festival Literasi dan Iklim,,Pendidikan
328,"Prediksi Cuaca Hujan 21-23 September 2025 Berbagai Daerah, Lebat hingga Sangat Lebat",,Pendidikan
329,"Gerhana Matahari Parsial 21 September 2025, Bisa Dilihat dari Indonesia?",,Pendidikan
330,"10 Negara dengan Harga Bensin Termurah di Dunia, Ada Tetangga RI",,Pendidikan
331,"Daftar Hari Libur Nasional dan Cuti Bersama 2026, Ada 9 Long Weekend",,Pendidikan
332,"6 Langkah Pilih Jurusan yang Sesuai untuk SNBP 2026 dari Kemendikdasmen, Catat!",,Pendidikan
333,"10 Buku Seni Negosiasi yang Ubah Cara Komunikasi, Panduan dari FBI hingga Harvard",,Pendidikan
334,"Ada Lowongan Kerja Non-ASN di Kemenko PM, Lulusan Ini Bisa Daftar",,Pendidikan
335,Skandal Akademik Terkuak! Ada Praktik Curang Publikasi Riset Matematika,,Pendidikan
336,"Tugas Akhir Guru Penerima Bantuan Kuliah S1/D4 Tak Harus Skripsi, Lalu Apa?",,Pendidikan
337,"Meski Cuek, Ternyata Kucing Diam-diam Mengenali Bau Pemiliknya",,Pendidikan
338,"Menangis di Kelas, Siswi SD Paya Baro Hadapi Penutupan Sekolah",,Pendidikan
339,"Siswa Eligible Wajib Punya Nilai TKA, Koordinator SNBP: Tak Cuman Daftar Saja!",,Pendidikan
340,Taliban Larang 18 Mata Kuliah Diajarkan di Seluruh Kampus Afghanistan,,Pendidikan
341,"Usulan Makan Bergizi Gratis Jadi Uang Tunai, JPPI: Langkah Baik Tapi Banyak Risiko",,Pendidikan
342,"Kenalan dengan Profesi Programmer hingga Atlet, Begini Parents Day SMP Labschool Kebayoran",,Pendidikan
343,"Daftar Tanggal Merah 2026, Catat untuk Rencanakan Liburan Sekolah!",,Pendidikan
344,"Gerhana Matahari Parsial Bakal Terjadi 21-22 September, Bisa Ditonton Online!",,Pendidikan
345,"Swedia Susul Negara Lain Larang Penggunaan HP di Sekolah, Ini Tujuannya",,Pendidikan
346,Kemendikdasmen Ingin PIP PAUD Bisa Terdanai di APBN 2026: Sudah Ada Kajiannya,,Pendidikan
347,"Ada 9 Long Weekend di Jadwal Hari Libur Nasional-Cuti Bersama 2026, Cek!",,Pendidikan
348,Beasiswa Pendidikan Indonesia untuk Guru dan Tenaga Kependidikan 2025 Dibuka!,,Pendidikan
349,"Cerita Raihan Ingin Jadi Penerbang, Dapat Ilmu Langsung dari Pilot",,Pendidikan
350,Infografis: Sebaiknya Ikut TKA atau Tidak?,,Pendidikan
351,UI Luluskan 1 dan Terima 3 Mahasiswa Asal Palestina,,Pendidikan
352,Seleksi Administrasi PPG Bagi Guru Tertentu Periode 3/2025 Dibuka! Kuota 81 Ribu,,Pendidikan
353,Ketika Siswa Belajar Tata Negara hingga Industri Fashion dari Pakarnya-Orang Tua,,Pendidikan
354,Kontroversi Undang Pro-Zionis Bikin Gus Yahya Dipetisi-UI Dirikan Palestine Center,,Pendidikan
355,Video: Kemendikdasmen Targetkan 12.500 Guru PAUD-SD Bakal Dapat Bantuan S-1,,Pendidikan
356,Video Kemendikdasmen: Masih Ada 233 Ribu Guru Belum S1,,Pendidikan
357,Warga Binaan Lapas Pemuda Tangerang Nikmati Layanan Baca dari Perpustakaan Keliling,,Pendidikan
358,"Yurike Sanger Wafat, Ini Sejarah Hidupnya sebagai Istri ke-7 Sukarno",,Pendidikan
359,"UI Palestine Center Jadi Pusat Kajian Palestina Lintas Bidang-Kampus, Apa Outputnya?",,Pendidikan
360,Peneliti BRIN Ingatkan 29 Pulau di Kepulauan Seribu Terancam Hilang,,Pendidikan
361,8 Mahasiswa Politeknik Ketenagakerjaan Raih Penghargaan di Ajang IPEC 2,,Pendidikan
362,PTN-PTS Indonesia Ini Masuk Kampus Terbaik di Bidang Sains Versi THE WUR 2025,,Pendidikan
363,"4 Sekolah Bisnis Terbaik di Indonesia Versi QS Global MBA 2026, Nomor 1 Binus",,Pendidikan
364,"17 Hari Libur Nasional-8 Cuti Bersama Tahun 2026 Ditetapkan, Ini Daftarnya",,Pendidikan
365,Pengawasan Kualitas Makan Bergizi Gratis Jadi Sorotan,,Pendidikan
366,"Wajib Belajar 13 Tahun, Apakah PAUD akan Mengeluarkan Ijazah?",,Pendidikan
367,Link Unduh Format Surat Pernyataan 5 Poin PPPK Paruh Waktu 2025,,Pendidikan
368,8 Pernyataan Sikap Guru Besar RI: Wujudkan Palestina Merdeka-Reformasi DK PBB,,Pendidikan
369,"Ketua MWA UI Dipetisi karena Undang Akademisi Pro-Zionis, Apa Kata Rektor?",,Pendidikan
370,"Beredar Info Donasi Banjir Bali Dikenakan ke Guru-Staf Sekolah, Diklaim Sukarela",,Pendidikan
371,"UI Palestine Center Diluncurkan, Dukungan Nyata untuk Kemerdekaan Palestina",,Pendidikan
372,"Guru Penerima Beasiswa S1/D4 Wajib Lulus Tepat Waktu, Kalau Tidak?",,Pendidikan
373,"Cara Mengisi DRH PPPK Paruh Waktu, Siapkan Dokumen Ini Dulu!",,Pendidikan
374,"Perilaku Hidup Sehat Orang Utan Ini Patut Ditiru, Begini Kata Pakar",,Pendidikan
375,"Nabire Papua Tengah Diguncang Gempa M 6,5, Penyebabnya Sesar Anjak Weyland",,Pendidikan
376,Guru Penerima Bantuan Kuliah S1/D4 akan Diafirmasi Ikut PPG,,Pendidikan
377,Binus Business School Raih Peringkat 1 Se-Indonesia Versi QS Global MBA Rankings 2026,,Pendidikan
378,"20 Kampus Teknologi Terbaik di Asia, Empat dari India",,Pendidikan
379,"Presiden Prabowo Rencanakan Kenaikan Gaji ASN Guru, Dosen, hingga Pejabat Negara",,Pendidikan
380,"Gaji PPPK Paruh Waktu Tahun 2025, Tertinggi Rp 5,3 Juta",,Pendidikan
381,"Banyak Guru PAUD-SD Belum S1/D4, Kemendikdasmen Sebut Alasannya",,Pendidikan
382,"Tok! Daftar 52 RUU Prolegnas Prioritas 2025, RUU Sisdiknas Masuk",,Pendidikan
383,"Rekrutmen TNI AD 2025 Bintara-Tamtama: Syarat, Jadwal, dan Cara Daftar",,Pendidikan
384,"TKA Jadi Validator SNBP, Pakar: Jangan Cemas, Anggap sebagai Feedback Belajar",,Pendidikan
385,"10 Negara Terbaik untuk Kehidupan Pensiun, Indonesia Nomor Berapa?",,Pendidikan
386,Infografis: Ketentuan Baru SNBP 2026,,Pendidikan
387,"Rekrutmen TNI AL 2025 Tamtama-Bintara, Minimal Lulusan SMA",,Pendidikan
388,"Kalimat Intransitif: Pengertian, Ciri-Ciri, dan 15 Contohnya",,Pendidikan
389,"Permintaan Maaf Gus Yahya, Usulkan Pembicara Pro-Zionis untuk Acara UI",,Pendidikan
390,"Sekolah Rusak Imbas Banjir, Siswa SD Bone Raya Belajar di Masjid",,Pendidikan
391,"Link Pengumuman OMI Kemenag 2025, Siswa Madrasah Cek Nih",,Pendidikan
392,"Viral Siswa SMK dan Adik yang SMP Gantian Seragam-Sepatu di Bogor, Berujung Begini",,Pendidikan
393,"Terbangun Jam 3 Pagi, Begini Sebab dan Cara Menguranginya",,Pendidikan
394,"Pendaftaran KJMU 2025 Tahap 2 Dibuka, Mahasiswa Dapat Bantuan Rp 9 Juta Per Semester",,Pendidikan
395,"Alumni Tanoto Foundation Bikin Situs untuk Panti Asuhan, Donasi Jadi Lebih Tepat",,Pendidikan
396,"Alasan Ular Suka Masuk Rumah saat Musim Hujan, Nggak Cuma Berteduh",,Pendidikan
397,Pakar UM Surabaya Analisis Gaya Komunikasi Menteri: Menteri Ini Paling Santai,,Pendidikan
398,"Cegah Pemalsuan, Kini PTN-PTS Berlakukan Sistem Ijazah Digital",,Pendidikan
399,Video Kelakar Pramono di Acara Wisuda Lansia: Ada yang Ketemu Jodohnya?,,Pendidikan
400,"Negara Pertama yang Menjajah Indonesia Ternyata Bukan Belanda, Ini Sejarahnya",,Pendidikan
401,"Pengaturan Skor Bulutangkis seperti Cerita Berulang, Butuh Ketegasan",,Olahraga
402,Video: Momen Marquez Diserbu Warga saat Tiba di Lombok,,Olahraga
403,Video Saat Bagnaia Cs 'Bengong' Diajak Joget Tabola-bale,,Olahraga
404,"Audisi Umum PB Djarum 2025 Masuk Tahap Akhir, Ini 28 Peserta yang Terpilih",,Olahraga
405,150 Pegolf Dunia Ramaikan JAKIC 2025 di Jakarta,,Olahraga
406,"MotoGP Mandalika Spesial untuk Alex Marquez, Akan Berjuang Raih Podium!",,Olahraga
407,Rider Indonesia Veda Ega Pratama Dipantau Gresini Racing,,Olahraga
408,Marc Marquez Belum Siap Pensiun,,Olahraga
409,"Festival Lari Indoor dengan Vibes Lifestyle Seru, Ikuti RunBeat in The Mall 2025",,Olahraga
410,Video Saat Quartararo dan Alex Rins 'Blusukan' ke SMAN 2 Mataram,,Olahraga
411,MotoGP Mandalika 2025: Apa Target Marc Marquez?,,Olahraga
412,PB Djarum Benarkan Dugaan Atletnya Kena Pengaturan Skor,,Olahraga
413,PBSI Baru Dengar Kabar Kasus Pengaturan Skor yang Libatkan Atlet,,Olahraga
414,Mandalika yang Hijau Sambut Para Rider,,Olahraga
415,Saat Presiden Prabowo Minta Mario Aji dan Veda Ega Contoh Marc Marquez,,Olahraga
416,"Momen Menpora Makan Siang sama Rossi, lalu Temani Marquez Ketemu Prabowo",,Olahraga
417,"Soal Rencana Nikah, Marc Marquez: Tanya Gemma Saja",,Olahraga
418,"Marc Marquez Maunya Lanjut Liburan di Mandalika, tapi...",,Olahraga
419,"Video Prabowo Sambut Marc Marquez di Istana: Hola, SeÃ±or",,Olahraga
420,KORMI DKI Lepas Oscar Tamio dan Akira Yenandhira Tampil di Malaysia,,Olahraga
421,Ranking Fajar/Fikri Naik 15 Tingkat Usai Jadi Runner Up Korea Open 2025,,Olahraga
422,Video Marc Marquez Siap Berlaga di Mandalika: Saya Akan Menikmatinya,,Olahraga
423,"Marc Marquez Ketemu Presiden Prabowo, Ini yang Dibahas",,Olahraga
424,Ratusan Perenang Taklukkan Laut Dakar Menuju Pulau Bersejarah Goree,,Olahraga
425,"Marc Marquez Tiba di Indonesia, Ketemu Presiden Prabowo di Istana Negara",,Olahraga
426,"Bos Ducati: Marc Marquez yang Terbaik di MotoGP, tapi...",,Olahraga
427,Kejurnas Atlet Veteran Tenis Perebutkan Piala Menpora di Yogyakarta,,Olahraga
428,"Video Logistik MotoGP Mendarat di Lombok, Langsung Diangkut ke Mandalika",,Olahraga
429,"10 Lifter RI Tampil di Kejuaraan Dunia Angkat Besi, Ada 'Perang Saudara'",,Olahraga
430,3 Rekomendasi Olahraga Beginner Friendly untuk Dicoba!,,Olahraga
431,"Marc Marquez Tiba di Jakarta, Sapa Fans Pakai Bahasa Indonesia",,Olahraga
432,"Krisna Bayu Temui Ibas, Bahas Kejuaraan Dunia Sambo Remaja dan Junior",,Olahraga
433,MotoGP 2025: Alex Marquez Kecewa Gagal Tunda Pesta Marc Marquez di Motegi,,Olahraga
434,"KTM Jeblok di Motegi, Bidik Podium di Mandalika",,Olahraga
435,Ketika Greysia Polii Jadi 'Pelatih' Dadakan,,Olahraga
436,Karena MotoGP Mandalika 2025 Bukan Sekadar Balapan Biasa,,Olahraga
437,Video: Momen Pecco Bagnaia hingga Bastianini Tiba di Lombok,,Olahraga
438,Mandalika Siapkan Kejutan untuk Juara Dunia MotoGP 2025,,Olahraga
439,"Yuk Lari Sambil Seru-seruan di Nuanu Fun Run 2025, Ada Games-Doorprize!",,Olahraga
440,"Nuanu Fun Run 2025 Siap Digelar, Penuh Kostum Lucu & Hiburan Seru",,Olahraga
441,Potret Kedatangan Pembalap MotoGP di Bandara Lombok Jelang Seri Mandalika,,Olahraga
442,Video: Erick Thohir Usulkan Dana Pensiun Atlet-Pelatih Berprestasi,,Olahraga
443,Sensasi Lari Indoor Seru Bareng RunBeat in The Mall 2025 di TSM Cibubur,,Olahraga
444,Video: Erick Thohir Ungkap Prabowo Mau Evaluasi-Transformasi Total Kemenpora,,Olahraga
445,Momen Rapat Perdana Menpora Erick Thohir dengan Komisi X DPR,,Olahraga
446,"Sudah Kunci Juara Dunia, Marc Marquez Kini 'Ditantang' Sirkuit Mandalika",,Olahraga
447,Canda Quartararo ke Marquez: Besok Pelan-pelan ya Balapannya,,Olahraga
448,"Marc Marquez Mau Dikenang sebagai Sosok Inspiratif, Bukan GOAT",,Olahraga
449,Pelatih di PBSI Pastikan Tak Rombak Ganda Putri Lagi hingga Olimpiade,,Olahraga
450,Jadwal MotoGP Mandalika 2025: Balapan di Indonesia Akhir Pekan Ini,,Olahraga
451,"Bagi Marquez yang Terpenting Bukan Samai Trofi Rossi, tapi...",,Olahraga
452,"Timnas Basket 3x3 U-17 Putri Juara, Ukir Sejarah di Singapura",,Olahraga
453,"WEC 2025: Dapat Penalti, United Autosports 95 Cuma Finis ke-11",,Olahraga
454,Alex Marquez: Aku Paling Tahu Penderitaan Marc Marquez,,Olahraga
455,Video Tangis Marquez Juara Dunia Usai 100 Crash dan 4 Kali Operasi,,Olahraga
456,Marquez Sempat Takut Lihat Motor Bagnaia Berasap,,Olahraga
457,3 Kategori Lari yang Cocok untuk Pemula hingga Pro,,Olahraga
458,Jumlah Gelar Juara Dunia MotoGP: Marc Marquez Samai Rossi,,Olahraga
459,Video: Momen Bagnaia Membalap dengan Motor Berasap,,Olahraga
460,Video Marc Marquez: Didera Cedera hingga Juara Dunia,,Olahraga
461,"Video: Marquez Kini Sejajar Rossi, Cuma Kalah dari Giacomo Agostini",,Olahraga
462,"Marc Marquez Kini Tahu Rasanya Sukses dengan 'Berdarah-darah""",,Olahraga
463,"Fun Run Kian Ramai, Demi Gaya Hidup Sehat",,Olahraga
464,IDH Urban Seri 2 Janjikan Keseruan Lintasan Highspeed,,Olahraga
465,"Presiden Gimnastik Internasional Berduka, Sambangi Keluarga Naufal",,Olahraga
466,Lantian Juan Berjaya di Putaran Keempat Trial Game Dirt 2025,,Olahraga
467,Hasil Korea Open 2025: Tuan Rumah Rebut 2 Gelar Juara,,Olahraga
468,Fajar/Fikri Sudah Maksimal,,Olahraga
469,Semringah Marc Marquez Rayakan Gelar MotoGP Ketujuh,,Olahraga
470,Bagnaia Selamati Marc Marquez: Tunggu Perlawananku di Musim Depan,,Olahraga
471,Potret Semangat Ribuan Pelari Bikin Jakarta Jadi Ungu,,Olahraga
472,Gelar Juara yang Sangat Berarti Bagi Jonatan Christie,,Olahraga
473,"Video Selebrasi Marc Marquez, Sempat Bingung Pasang Plakat Juara MotoGP",,Olahraga
474,Gelar Juara yang Sangat Berarti Bagi Jonatan Christie,,Olahraga
475,Erick Thohir ke Para Karyawan Kemenpora: Mau Berubah Nggak?,,Olahraga
476,Air Mata Juara Dunia Marc Marquez,,Olahraga
477,Perjalanan Jonatan Christie Akhirnya Juara Korea Open 2025,,Olahraga
478,"Marc Marquez Kampiun 2025, Ini Daftar Juara Dunia MotoGP",,Olahraga
479,Hasil Korea Open 2025: Fajar/Fikri Runner-up Usai Kalah dari Kim/Seo,,Olahraga
480,Klasemen MotoGP 2025 Usai Marc Marquez Kunci Titel Juara,,Olahraga
481,Marc Marquez Kini Sejajar Valentino Rossi,,Olahraga
482,Hasil Korea Open 2025: Jonatan Juara Usai Kalahkan Antonsen,,Olahraga
483,Momen-momen Kunci Marc Marquez Juara Dunia MotoGP 2025 di Motegi,,Olahraga
484,Marc Marquez Juara Dunia MotoGP 2025!,,Olahraga
485,"Hasil MotoGP Jepang 2025: Marc Marquez Finis Kedua, Tetap Jadi Juara Dunia!",,Olahraga
486,"MotoGP Jepang 2025: Marc Marquez Lewati Acosta, Kejar Bagnaia",,Olahraga
487,"MotoGP Jepang 2025: Bagnaia Sulit Terkejar, Marquez Dibayangi Mir",,Olahraga
488,"MotoGP Jepang 2025: Bagnaia Nyaman Terdepan, Marquez Belum Menyerang",,Olahraga
489,"MotoGP Jepang 2025: Balapan Dimulai, Bagnaia Terdepan Marquez Ketiga!",,Olahraga
490,"Link Live Streaming MotoGP Jepang 2025, Marquez Bisa Kejar Rekor Rossi?",,Olahraga
491,Jadwal MotoGP Jepang 2025: Marc Marquez di Ambang Juara Hari Ini!,,Olahraga
492,Jadwal Final Korea Open 2025: RI Berpeluang Raih 2 Gelar,,Olahraga
493,Video: Skenario Marc Marquez Kunci Gelar Juara Dunia di Jepang,,Olahraga
494,WEC 2025: Sean dan United Autosports 95 Start Kedua di Fuji,,Olahraga
495,MotoGP 2025: Alex Marquez Sadar Susah Bersaing di Motegi,,Olahraga
496,Korea Open 2025: Tekad Juara Fajar/Fikri,,Olahraga
497,MotoGP 2025: Bagnaia Merasa Kembali ke Performa Terbaik,,Olahraga
498,Agresifnya Alwi Bikin Kaget Jonatan Christie,,Olahraga
499,Besok Marc Marquez Samai Valentino Rossi?,,Olahraga
500,Video: Bagnaia Pemenang Sprint Race MotoGP Jepang 2025,,Olahraga
501,Hasil Korea Open 2025: Putri Dikalahkan Akane Yamaguchi di Semifinal,,Olahraga
502,Hasil Korea Open 2025: Fajar/Fikri Tembus Final,,Olahraga
503,Skenario Marc Marquez Juara Dunia MotoGP 2025 di Motegi Besok,,Olahraga
504,"Besok, Marc Marquez Bisa Jadi Juara Dunia MotoGP 2025",,Olahraga
505,Klasemen MotoGP 2025: Marc Marquez di Ambang Gelar Juara Dunia!,,Olahraga
506,Hasil Sprint Race MotoGP Jepang 2025: Bagnaia Pemenangnya!,,Olahraga
507,"MotoGP Jepang: Sprint Race Start, Martin-Bezzecchi Langsung Out",,Olahraga
508,"Hasil Korea Open 2025: Sengit, Jonatan ke Final usai Kalahkan Alwi!",,Olahraga
509,Jadwal MotoGP Jepang 2025: Sprint Race Hari Sabtu Pukul 13.00 WIB,,Olahraga
510,Kualifikasi MotoGP Jepang 2025: Pole Position Milik Bagnaia,,Olahraga
511,Pedro Acosta Kuasai FP2 MotoGP Jepang 2025,,Olahraga
512,Jadwal Korea Open 2025: 5 Wakil Indonesia di Semifinal,,Olahraga
513,Video: Pecah Rekor! Aksi Skaters Brasil Meluncur dari Gedung 22 Lantai,,Olahraga
514,Makin Rame! Kumpul Lagi Bareng Komunitas Padel Hits Jakarta di Padel Connect,,Olahraga
515,"Langit Telomoyo Jadi Arena Adu Terbang, 34 Atlet Gantole Unjuk Gigi",,Olahraga
516,WEC 2025: Dua Misi United Autosports 95 di Sesi FP 6 Hours of Fuji,,Olahraga
517,"Korea Open 2025: Jumpa Akane Lagi, Putri Bertekad 'Pecah Telur'",,Olahraga
518,Korea Open 2025: Alwi Wujudkan Mimpi Tanding Lawan Jonatan,,Olahraga
519,"Disebut GOAT MotoGP, Marc Marquez Menolak!",,Olahraga
520,"Hasil Korea Open 2025: Putri Menang, Indonesia Kirim 5 Wakil ke Semifinal",,Olahraga
521,"Hasil Korea Open 2025: Alwi Menang Comeback, Tantang Jonatan di Semifinal",,Olahraga
522,Hasil Korea Open 2025: Jonatan Melaju Mulus ke Semifinal,,Olahraga
523,Hasil Practice MotoGP Jepang 2025: Bezzecchi Tercepat!,,Olahraga
524,Hasil Korea Open 2025: Fajar/Fikri Singkirkan Wakil Tuan Rumah,,Olahraga
525,Hasil Korea Open 2025: Amri/Nita Tembus Semifinal,,Olahraga
526,Atlet Gimnastik Muda Indonesia Naufal Meninggal Dunia di Rusia,,Olahraga
527,Hasil FP1 MotoGP Jepang 2025: Bagnaia Ungguli Martin dan Marc Marquez,,Olahraga
528,Jadwal Korea Open 2025: 5 Wakil RI Tampil di Perempatfinal Hari Ini,,Olahraga
529,"Jadi Manajer Virtual di FPL Mansion Sports FC 2025, Ada Hadiah Rp 88 Juta",,Olahraga
530,"Boris Becker Kasih Saran buat Lamine Yamal, Sebut 'Alarm Peringatan'",,Olahraga
531,"Rowing Indonesia Rebut Perak, Ukir Sejarah di Kejuaraan Dunia 2025",,Olahraga
532,WEC 2025: Fuji Spesial untuk Sean Gelael,,Olahraga
533,Korea Open 2025: Putri KW Lolos ke 8 Besar,,Olahraga
534,"Video D'HATTRICK: Bocah Ajaib dari Turki, Siapa Dia?",,Olahraga
535,Hasil Korea Open 2025: Fajar/Fikri Tembus Perempatfinal,,Olahraga
536,"Mungkinkah Bagnaia Gabung Aprilia, Jorge Martin ke Ducati di 2026?",,Olahraga
537,Hasil Korea Open 2025: Jonatan Christie Lanjut ke Perempatfinal,,Olahraga
538,"Kandas di Korea Open 2025, Ginting Kirim Unek-unek ke BWF",,Olahraga
539,Korea Open 2025: Anthony Ginting Dijegal Kenta Nishimoto,,Olahraga
540,Evaluasi Jafar/Felisha usai Tersingkir Lagi di Babak 16 Besar,,Olahraga
541,Apri/Fadia Butuh 10 Turnamen demi Dongkrak Ranking,,Olahraga
542,"Konsistensi, PR Apri/Fadia Usai Tersingkir di Korea Open 2025",,Olahraga
543,Hasil Korea Open 2025: Jafar/Felisha Gagal ke Perempatfinal,,Olahraga
544,Hasil Korea Open 2025: Chico Tersingkir di 16 Besar,,Olahraga
545,"Hasil Korea Open 2025: Apri/Fadia Kandas, Amri/Nita ke Perempatfinal",,Olahraga
546,Jadwal 16 Besar Korea Open 2025: 9 Wakil RI Tanding Hari Ini,,Olahraga
547,Jersey Kontingen Indonesia di SEA Games 2025 Pakai Teknologi,,Olahraga
548,MOSC Mantapkan Komitmennya di Dunia Olahraga,,Olahraga
549,PBSI Tentukan Skuad SEA Games Usai Korea Open 2025,,Olahraga
550,"Brave Combat, Ajang MMA Dunia Mau Garap Pasar Indonesia",,Olahraga
551,Lanny Tria Mayasari Penasaran Sensasi Main di SEA Games,,Olahraga
552,PR Dejan/Bernadine usai 3 Bulan Tandem,,Olahraga
553,Hasil Korea Open 2025: Leo/Bagas Langsung Tersingkir,,Olahraga
554,"Prannoy Retired, Chico ke 16 Besar Korea Open 2025",,Olahraga
555,Karel Mainaky: Apri/Fadia Tak Masuk Daftar SEA Games 2025,,Olahraga
556,Marc Marquez Akan Pensiun di Ducati atau Kembali ke Honda?,,Olahraga
557,Hasil Korea Open 2025: Alwi Menangi Duel Ketat Lawan Wakil Malaysia,,Olahraga
558,Hasil Korea Open 2025: Putri KW dan Jafar/Felisha Maju ke 16 Besar,,Olahraga
559,Apa Kabar Ester Nurumi Tri Wardoyo?,,Olahraga
560,Video: 5 Negara dengan Lapangan Padel Terbanyak,,Olahraga
561,Hasil Korea Open 2025: Amri/Nita Menang Telak atas Wakil AS,,Olahraga
562,Hasil Korea Open 2025: Jonatan Lolos ke Babak Kedua,,Olahraga
563,Hasil Korea Open 2025: Ginting Menang Dua Gim Langsung,,Olahraga
564,"Sebelum ke Mandalika, Marquez dan Rossi Sambangi Jakarta",,Olahraga
565,Yoga in the City untuk Kampanye Hidup Sehat,,Olahraga
566,"Erick Thohir Cabut Permenpora, Ketum PBFI Beri Pujian",,Olahraga
567,Binaragawan Oscar Tamio Berjaya di Singapura,,Olahraga
568,SenengMinton Jadi Cara Kenalkan Bulutangkis ke Anak-Anak,,Olahraga
569,Ketika Atlet Dunia Taklukkan Lautan Labuan Lajo,,Olahraga
570,Tim Balap Indonesia Nyaris Sapu Bersih Podium GT4 Japan Cup 2025,,Olahraga
571,"Sejumlah Atlet PBSI Cedera, Ini Kata Taufik Hidayat",,Olahraga
572,"Soal Nasib Rinov/Pitha, Taufik Hidayat: Coming Soon",,Olahraga
573,MotoGP 2025: Semua Rider Kaget Ternyata Marc Marquez Kuat Banget!,,Olahraga
574,Rekap 5 Wakil Indonesia di Hari Pertama Korea Open 2025,,Olahraga
575,Menpora Erick Thohir Cabut Permenpora Kontroversial,,Olahraga
576,Putra Wakil Tunggal RI di Semifinal Kejuaraan Dunia Panjat Tebing 2025,,Olahraga
577,"Lolos Babak Utama, Chico Ingin Fokus Satu Demi Satu di Korea Open 2025",,Olahraga
578,Ganda Putra RI Bidik Hasil Lebih dari 4 Besar di Korea Open 2025,,Olahraga
579,SEA Games 2025: KOI Siasati Potensi Kehilangan 41 Medali Emas,,Olahraga
580,Tim HBA Indonesia Sabet Peringkat Dua di IHAA World Championships,,Olahraga
581,"Bos Trackhouse: Marc Marquez Tidak Terkalahkan di MotoGP 2025, tapi...",,Olahraga
582,Sekolah Catur Utut Adianto Raih Rekor MURI,,Olahraga
583,M. Zidane dan Asep Lukman Berburu Juara Umum di Seri Keempat TGD,,Olahraga
584,Putri KW Dipatok Target Semifinal Korea Open 2025,,Olahraga
585,"Menuju SEA Games Thailand 2025, Menpora dan NOC Matangkan Persiapan",,Olahraga
586,Cerita Alex Marquez Terjegal Rivalitas Marc Marquez Vs Rossi,,Olahraga
587,"SEA Games 2 Bulan Lagi, Anggaran Tersedia Baru Rp 10 Miliar",,Olahraga
588,Ratusan Pembalap Dunia Adu Cepat di Kejuaraan Downhill Banyuwangi,,Olahraga
589,Verstappen Tahan Diri Bahas Kans Juara Dunia,,Olahraga
590,Kata Chico Aura Usai Juara Indonesia Masters 2025,,Olahraga
591,Tim Indonesia Berjaya dalam Kejuaraan Bulutangkis Junior di Kudus,,Olahraga
592,"F1 GP Azerbaijan 2025: Verstappen Menang, Piastri Crash",,Olahraga
593,Jadwal dan Daftar Pebulutangkis RI di Korea Open 2025,,Olahraga
594,"Jadwal MotoGP 2025: Balapan Berikutnya di Motegi, Jepang",,Olahraga
595,Chico Aura Dwi Wardoyo Juara Indonesia Masters Super 100,,Olahraga
596,"MotoGP 2025: Marc Marquez Dominan, Bagnaia Kehilangan Semangat Juang!",,Olahraga
597,Putri KW Asah Fokus dan Konsistensi Jelang Korea Open 2025,,Olahraga
598,Timnas Basket 3x3 RI Petik Pelajaran dari 2 Kekalahan di Manila,,Olahraga
599,Fajar/Fikri Langsung Bersiap ke Korea Open 2025,,Olahraga
600,"Hapkido Jakarta 2025-2029 Resmi Dilantik, Ini Misinya",,Olahraga
601,Hasil China Masters 2025: Fajar/Fikri Disingkirkan Juara Dunia,,Olahraga
602,Marc Marquez Sebut Mandalika dan Sepang Trek Tersulit Buatnya,,Olahraga
603,Saat Dunia Olahraga Makin Lantang Serukan Boikot Israel,,Olahraga
604,Ketatnya Pebulutangkis Junior Indonesia Bersaing dengan Wakil Thailand & AS,,Olahraga
605,"Asaba Gelar Ajang Basket Veteran, Dapat Ponten Positif",,Olahraga
606,"Pebalap Syabil Umar Tampil di Rok Super Final Italia, Begini Persiapannya",,Olahraga
607,Hasil China Masters 2025: Leo/Bagas Kalah dari Wakil Malaysia,,Olahraga
608,Alex Marquez Resmi Akan Tunggangi GP26 di Musim Depan!,,Olahraga
609,Jika Marc Marquez Kunci Titel Juara MotoGP di Mandalika...,,Olahraga
610,Hasil China Masters 2025: Putri KW Disingkirkan Yamaguchi,,Olahraga
611,Hasil China Masters 2025: Fajar/Fikri Lanjut ke Semifinal!,,Olahraga
612,Janji Manis Erick Thohir Tak Berpihak pada Satu Cabor,,Olahraga
613,"Kelakar Dito di Pelantikan Erick Thohir: Ijazahnya Aman, Pak Roy Suryo?",,Olahraga
614,Ketum Binaraga Fitnes Anggap Erick Pantas Jadi Menpora,,Olahraga
615,"Sarat Pengalaman, Erick Diharapkan Bisa Memajukan Olahraga Nasional",,Olahraga
616,Hasil China Masters 2025: Leo/Bagas ke 8 Besar usai Tundukkan Malaysia,,Olahraga
617,Hasil China Masters 2025: Putri KW Melaju ke 8 Besar,,Olahraga
618,Dukungan-Pesan buat Menpora Erick Thohir dari Pengamat hingga Pemerintah,,Olahraga
619,"East Kemang Padel, Lapangan Strategis & Privat di Kawasan Jaksel",,Olahraga
620,"Video Dito: Saya Didikan Pak Erick, Gaya Mirip tapi Mungkin Dia Lebih Galak",,Olahraga
621,China Masters 2025: Fajar/Fikri Kini Bertekad Revans Lawan Malaysia,,Olahraga
622,Video: Momen Dito Ariotedjo Resmi Serahkan Jabatan Menpora ke Erick Thohir,,Olahraga
623,Video Menpora Erick Thohir: Jangan Tanya Keberpihakan Saya Pada Olahraga,,Olahraga
624,"China Masters 2025: Fajar/Fikri Menang Comeback, Lolos ke 8 Besar",,Olahraga
625,China Masters 2025: Jonatan Christie Kandas di Babak 16 Besar,,Olahraga
626,"Dito Serahkan Jabatan ke Erick Thohir, Disaksikan Deretan Mantan Menpora",,Olahraga
627,Janji Menpora Erick Thohir: Tak Berpihak Pada Satu Cabor,,Olahraga
628,China Masters 2025: Jafar/Feli Masih Kesulitan Taklukkan Chen/Toh,,Olahraga
629,Sambutan Pertama Erick Thohir Usai Resmi Jadi Menpora,,Olahraga
630,Optimisme Perbasi pada Menpora Erick Thohir,,Olahraga
631,Ayo Serbu Promo Eksklusif Tiket Benteng Run: Color Run Festival 2025!,,Olahraga
632,Fest Padel Arena: Ketika Komunitas dan Artis Unjuk Kemampuan,,Olahraga
633,Hasil Gemilang Kejuaraan Dunia Senior BWF Diharapkan Menular ke Pelatnas,,Olahraga
634,Filipina dan AS Dapat Pelajaran Berharga di Superliga Junior 2025,,Olahraga
635,Hasil China Masters 2025: Leo/Bagas Menang Rubber Game,,Olahraga
636,Harapan Insan Olahraga pada Menpora Erick Thohir,,Olahraga
637,China Masters 2025: Jonatan Christie Antisipasi Lin Chun-Yi,,Olahraga
638,"Hasil China Masters 2025: Comeback, Rachel/Febi Atasi Ganda Jepang",,Olahraga
639,Erick Thohir: Olahraga Harus Jadi Alat Pemersatu Bangsa,,Olahraga
640,Rekam Jejak Menpora Baru Erick Thohir di Dunia Olahraga,,Olahraga
641,Erick Thohir Sah Dilantik Jadi Menpora Baru,,Olahraga
642,Hasil China Masters 2025: Jonatan Menangi Duel Ketat Lawan Wakil Jepang,,Olahraga
643,PR Anthony Ginting usai Kandas Lagi di Babak Awal,,Olahraga
644,"Kalah, Alwi Farhan 'Terganggu' Permainan Li Shi Feng",,Olahraga
645,Hasil China Masters 2025: Adnan/Indah Kalah Dua Gim Langsung,,Olahraga
646,China Masters 2025: Misi Revans Jafar/Felisha Lawan Chen/Toh,,Olahraga
647,China Masters 2025: Anthony Ginting Disingkirkan Wakil Malaysia,,Olahraga
648,"Hasil China Masters 2025: Alwi Tersingkir, Jafar/Felisha ke Babak 2",,Olahraga
649,Erick Thohir Dilantik Jadi Menpora Baru Siang Ini?,,Olahraga
650,Pecco Bagnaia dan Ducati Mulai Hilang Kesabaran,,Olahraga
651,"IOC: Israel Patuhi Piagam Olimpiade, Tak Bakal Kena Sanksi",,Olahraga
652,Turnamen Golf JAKIC 2025 Bergulir Awal Oktober,,Olahraga
653,Diananda Bikin Torehan Sip pada Kejuaraan Dunia Panahan di Korsel,,Olahraga
654,Putri KW Ingin Bawa Tren Positif Kejuaraan Dunia ke China Masters,,Olahraga
655,Tekad Fajar/Fikri Lanjutkan Prestasi di China Masters,,Olahraga
656,Perdana Ikutan Trail Run? Simak 5 Tips Ini biar Makin Siap,,Olahraga
657,Siap Ikutan ZINC Trail Run 2025? Ini 5 Hal yang Wajib Kamu Tahu,,Olahraga
658,"Hadiah Total Rp 92 Juta Menanti, Ikuti ZINC Trail Run 2025 di Bali",,Olahraga
659,Fun Match Perdana Padel Connect! Serunya Main Bareng Komunitas Jakarta,,Olahraga
660,Hasil China Masters 2025: Putri KW Menang Dua Gim Langsung,,Olahraga
661,China Masters 2025: Fajar/Fikri Menang Straight Game di Laga Pertama,,Olahraga
662,Kata Rian/Yere Usai Jalani Debut di China Masters 2025,,Olahraga
663,KOI Kerja Sama dengan NOC Jepang Jajaki Pertukaran Atlet dan Pelatih,,Olahraga
664,Hasil China Masters 2025: Rian/Yere Kalah Rubber Game,,Olahraga
665,Lanny/Tiwi Berharap Jauh Lebih Padu,,Olahraga
666,Sabar/Reza Banyak Mati Sendiri,,Olahraga
667,Hasil China Masters 2025: Lanny/Tiwi Dikalahkan Juara Dunia,,Olahraga
668,Pameran Take a Break Hadirkan Kisah Emosi di Dunia Olahraga,,Olahraga
669,"Hasil China Masters 2025: Kena Tikung, Sabar/Reza Tersingkir",,Olahraga
670,Sunset Run 2025: Lari Sambil Menjaga Bumi dari Sampah Elektronik,,Olahraga
671,Superliga Junior 2025 Diikuti 8 Negara,,Olahraga
672,Tekad Jonatan Christie Kembali Naik Podium di China Masters,,Olahraga
673,"Diikuti Tim Israel, Kejuaraan Sepeda di Spanyol Didemo Besar-besaran",,Olahraga
674,PBSI Kirim Dejan/Bernadine ke Indonesia Masters di Pekanbaru,,Olahraga
675,Marc Marquez Terus Dekati Rekor Valentino Rossi,,Olahraga
676,Misi Alex Marquez Cegah Marc Marquez Juara Dunia di Jepang,,Olahraga
677,Bagnaia Sedang Jalani Mimpi Buruk,,Olahraga
678,"Video: 29 Menit Tahan Napas di Air, Freediver Ini Pecahkan Rekor Dunia!",,Olahraga
679,"Jelang China Masters 2025, Rionny Mainaky: Adnan/Indah Dalam Tren Positif",,Olahraga
680,Gregoria Mariska Mundur dari China Masters dan Korea Open 2025,,Olahraga
681,Ganda Putri RI Diminta Perbaiki Performa di China Masters 2025,,Olahraga
682,"Menang di Misano, Marc Marquez Tak Mau jatuh di Lubang yang Sama",,Olahraga
683,Video: 'Pembalasan' Sempurna Marc Marquez di MotoGP San Marino,,Olahraga
684,"Luar Biasa, Daisy Jepkemei Nekat Lari Hanya dengan Satu Sepatu di Kejuaraan Dunia",,Olahraga
685,"Marc Marquez Bisa Juara di Motegi, tapi Tak Mau Menggebu-gebu",,Olahraga
686,Alasan Marc Marquez Selebrasi ala Messi di Misano,,Olahraga
687,Alex Marquez Syukuri Podium-podium di MotoGP San Marino 2025,,Olahraga
688,Video: Momen Marc Marquez Kalahkan Bezzecchi di San Marino,,Olahraga
689,Super Street Night Race: B16 team x AP Speed Rajai Seri Kelima,,Olahraga
690,Petarung Rudy 'Golden Boy' Naik Ring November,,Olahraga
691,Millennium Cup Sprint Challenge 2025 Jadi Batu Loncatan Perenang Muda,,Olahraga
692,Men's World Tennis Championship: Max Basing Juara Lagi,,Olahraga
693,Pelatih Timnas Basket RI David Singleton Bagi Ilmu ke 50 Pebasket Muda,,Olahraga
694,'Pembalasan' Marc Marquez Usai Gagal di Sprint Race MotoGP San Marino,,Olahraga
695,Eks Juara Dunia Tinju Ricky Hatton Meninggal Dunia,,Olahraga
696,Hendra Setiawan Rebut 2 Gelar di Kejuaraan Dunia Senior BWF 2025,,Olahraga
697,"Video: 29 Menit Tahan Napas di Air, Freediver Ini Pecahkan Rekor Dunia!",,Olahraga
698,"Marc Marquez Lampaui Rekor Poin Jorge Martin, Sejengkal Lagi Juara Dunia",,Olahraga
699,Klasemen MotoGP 2025 usai Balapan Seru di Misano!,,Olahraga
700,MotoGP San Marino 2025: Marc Marquez Asapi Bezzecchi,,Olahraga
701,Hasil MotoGP San Marino 2025: Marc Marquez Pemenangnya,,Olahraga
702,"MotoGP San Marino 2025 Sudah Setengah Jalan, Marc Marquez Terdepan!",,Olahraga
703,Jadwal China Masters 2025: Momen Debut Pasangan Anyar Rian/Yeremia,,Olahraga
704,"Link Live Streaming MotoGP San Marino 2025, Start Pukul 19.00 WIB",,Olahraga
705,Respons Dingin Marc Marquez Usai Penonton Rayakan Crash-nya,,Olahraga
706,Kiromal Katibin Rajai Seri Piala Dunia Panjat Tebing Tahun 2025,,Olahraga
707,"Marc Marquez Crash, Alex Raih Poin Penting di Sprint Race Misano",,Olahraga
708,"Video: Detik-detik Marquez Jatuh di Misano, Penonton Sorak Sorai",,Olahraga
709,Hasil MotoGP 2025 usai Marc Marquez DNF di Sprint Race Misano,,Olahraga
710,"PBSI Rilis Daftar Pemain Kejuaraan Dunia Junior 2025, Ada Ubed",,Olahraga
711,Adu Smash di Arena Tenis Meja Pasar Grogol,,Olahraga
712,Jadwal MotoGP San Marino 2025 Malam Ini,,Olahraga
713,Jejak Emas dari Atas: Tentang Perjalanan Candra Wijaya,,Olahraga
714,Men's World Tennis Championship: Christho/Rifqi Juara M-25 Seri VII,,Olahraga
715,"Doubles Special Championships 2025 Selesai, Ini Para Juaranya",,Olahraga
716,Wakil Thailand Juara di Golf The Indonesia Pro-Am,,Olahraga
717,Tim Horseback Archery Indonesia Ikuti Kejuaraan Dunia di AS,,Olahraga
718,Klasemen MotoGP 2025 Usai Bezzecchi Menang Sprint Race San Marino,,Olahraga
719,Hong Kong Open 2025: Adnan/Indah Gagal ke Final,,Olahraga
720,Komentar Bezzecchi Lihat Marc Marquez Crash,,Olahraga
721,Hasil Sprint Race MotoGP San Marino 2025: Marco Bezzecchi Pemenangnya!,,Olahraga
722,Sprint Race MotoGP San Marino 2025: Marc Marquez Crash!,,Olahraga
723,Kualifikasi MotoGP San Marino 2025: Bezzecchi Pole! Marquez Keempat,,Olahraga
724,Butuh Menang Berapa Balapan Lagi Agar Marc Marquez Bisa Juara MotoGP?,,Olahraga
725,Jadwal MotoGP San Marino 2025: Malam Ini Sprint Race,,Olahraga
726,Jadwal Hong Kong Open 2025 Hari Ini: Adnan/Indah Berburu Tiket Final,,Olahraga
727,Liga Padel: Jalan Para Pemain Amatir Menuju Kancah Profesional,,Olahraga
728,Men's World Tennis Championship: Christho/Rifqi ke Final M-25 Seri VII,,Olahraga
729,Pentingnya Turnamen Berkualitas untuk Regenerasi Nomor Ganda,,Olahraga
730,Hasil Hong Kong Open 2025: Alwi Farhan Terhenti di Perempatfinal,,Olahraga
731,Hasil Practice MotoGP San Marino 2025: Marc Marquez Tercepat,,Olahraga
732,"Hasil Hong Kong Open 2025: Comeback, Adnan/Indah ke Semifinal",,Olahraga
733,Standar yang Harus Dipenuhi oleh Atlet Muda Bulutangkis,,Olahraga
734,Ester Nurumi Diperkirakan Baru Kembali Tampil Tahun Depan,,Olahraga
735,Hasil FP1 MotoGP San Marino 2025: Morbidelli Tercepat,,Olahraga
736,Teka-teki Pengisi Jabatan Menpora,,Olahraga
737,Hasil Hong Kong Open 2025: Sabar/Reza Gagal ke Semifinal,,Olahraga
738,Cara Zarco agar Tak Awet Jadi 'Rider Paling Sering Jatuh' Musim Ini,,Olahraga
739,Haornas Ke-42 Jadi Momentum Esport Indonesia yang Kian Mendunia,,Olahraga
740,Jadwal Hong Kong Open 2025 Hari Ini: RI Sisakan 3 Wakil di Perempatfinal,,Olahraga
741,"Video D'HATTRICK: Level Fans Sejati, Tebak Pemain dari Kariernya!",,Olahraga
742,Hasil Hong Kong Open 2025: Alwi Farhan ke Perempatfinal,,Olahraga
743,Liliyana dan Tontowi Anggap Talenta Bulutangkis Indonesia Meningkat,,Olahraga
744,"Hasil Hong Kong Open 2025: Leo/Bagas Tumbang, Adnan/Indah Lolos",,Olahraga
745,David Singleton Senang Rencana TC Timnas Basket Sesuai Harapan,,Olahraga
746,"Hasil Hong Kong Open 2025: Sabar/Reza Lolos, Jafar/Felisha Terhenti",,Olahraga
747,"Pos Menpora RI Masih Kosong, Bagaimana Ultimatum Badan Doping Dunia?",,Olahraga
748,"Indonesia Ikuti Kejuaraan Dunia Anggar Kursi Roda, Targetkan Medali",,Olahraga
749,Penyebab 2 Pasangan Racikan Baru Karel Mainaky Kandas di 16 Besar,,Olahraga
750,"Tersingkir di Babak Kedua Hong Kong Open, Ini Kata Lanny/Tiwi",,Olahraga
751,"Peraih 2 Emas Olimpiade Jadi Menteri Olahraga Taiwan, Indonesia Bagaimana?",,Olahraga
752,"Hasil Hong Kong Open 2025: Febriana/Meilysa Kalah, Ganda Putri RI Habis",,Olahraga
753,Hasil Hong Kong Open 2025: Apri/Fadia Dikalahkan Ganda Jepang,,Olahraga
754,Jadwal Hong Kong Open 2025 Hari Ini: 8 Wakil RI Tanding di 16 Besar,,Olahraga
755,Timnas Wushu Indonesia Bawa Enam Medali dari Kejuaraan Dunia,,Olahraga
756,Indonesia Kirim 2 Atlet Teqball ke Kejuaraan Dunia di China,,Olahraga
757,Doubles Special Championships: Misi Cetak Generasi Emas Ganda Indonesia,,Olahraga
758,Hasil Hong Kong Open 2025: Alwi Farhan Melaju ke 16 Besar,,Olahraga
759,Hong Kong Open 2025: Leo/Bagas Sukses Revans meski Tak Mudah,,Olahraga
760,Hasil Hong Kong Open 2025: Jafar/Felisha Singkirkan Amri/Nita,,Olahraga
761,Hall of Fame untuk Ahsan & Shesar,,Olahraga
762,Hasil Hong Kong Open 2025: Leo/Bagas Menang Rubber Game,,Olahraga
763,"Euforia Lari Penuh Warna! Ikutan Benteng Run, Color Fun Festival 2025",,Olahraga
764,"Adnan/Indah Lolos, Wajib Jaga Momentum demi Target Juara di Hong Kong",,Olahraga
765,Anthony Ginting dan Petaka Babak Pertama,,Olahraga
766,Hong Kong Open 2025: Persiapan Apri/Fadia untuk Hadapi 16 Besar,,Olahraga
767,"Sabar/Reza Hadapi Hoki/Kobayashi, Angin Ikut Diwaspadai",,Olahraga
768,Hasil Hong Kong Open 2025: Ginting Tersingkir,,Olahraga
769,"Marc Marquez Tak Lagi Bisa Juara Dunia Akhir Pekan Ini, Tunggu Motegi",,Olahraga
770,Harga Tiket Kejuaraan Dunia Senam 2025: Mulai dari Rp 150 Ribu,,Olahraga
771,PAC Sukses di LPS Kejurnas Atletik & Indonesia U18 Open Championships 2025,,Olahraga
772,Men's World Tennis Championship: 2 Wakil RI Gugur di Babak Pertama Seri VII,,Olahraga
773,Indonesia Luncurkan Maskot dan Jingle Kejuaraan Dunia Senam 2025,,Olahraga
774,Taufik Hidayat Ambil Peran dan Tugas Menpora Sementara,,Olahraga
775,Alex Marquez Akan Tunggangi GP26 di Musim Depan?,,Olahraga
776,Ucapan Terima Kasih Taufik Hidayat untuk Dedikasi Dito,,Olahraga
777,Hong Kong Open 2025: Sabar/Reza dan Apriyani/Fadia ke 16 Besar,,Olahraga
778,Taufik Hidayat: Pergantian Menpora Tak Ganggu Persiapan SEA Games,,Olahraga
779,Hong Kong Open 2025: Lanny/Tiwi Lewati Ujian Pertama,,Olahraga
780,"Mengutil di Changi, Dua Perenang Italia Dilarang Masuk ke Singapura",,Olahraga
781,"Tak Lagi Jadi Menpora, Dito Ariotedjo Unggah Ucapan Selamat Haornas",,Olahraga
782,Wamenpora Taufik Pastikan Dito Ariotedjo Tak Hadir di Acara Haornas,,Olahraga
783,"Usai Lengser, Dito Ariotedjo Angkut Barang Pribadi dari Kemenpora",,Olahraga
784,"Sean dan United Autosports 95 Menang di Austin, Bos McLaren: Selamat!",,Olahraga
785,"Qarrar Firhand Tembus Top 10 di Swedia, Pede Tatap Kejuaraan Dunia FIA",,Olahraga
786,Hong Kong Open 2025: Kesempatan Ubed Uji Kemampuan di Super 500,,Olahraga
787,Turnamen Golf Junior Internasional Digelar di Jakarta,,Olahraga
788,Motivasi Berlipat VR46 Racing Team Tatap Balapan Kandang,,Olahraga
789,BTN Panggil 24 Pebasket Ikuti TC SEA Games 2025,,Olahraga
790,Jangan Ketinggalan! Yuk Fun Run Sambil Seru-seruan di Benteng Run 2025,,Olahraga
791,Kata Dito Ariotedjo usai Kena Reshuffle Kabinet,,Olahraga
792,"Jelang Hong Kong Open 2025, Putri KW Ukir Peringkat Terbaiknya",,Olahraga
793,"Menpora Dito Ariotedjo Diganti, Kena Reshuffle Kabinet",,Olahraga
794,"Jelang SEA Games 2025, Lalu Zohri Cs Jalani Latihan di Jepang dan Kenya",,Olahraga
795,"Target Anthony Ginting di Turnamen Selanjutnya, Mulai dari Hong Kong Open",,Olahraga
796,"Alcaraz Juara US Open 2025, Singkirkan Sinner dan Kembali ke Puncak Dunia",,Olahraga
797,WEC 2025: Sean Gelael Menangi Balapan Lone Star Le Mans,,Olahraga
798,Video Adu Cepat Duo Marquez di Catalunya,,Olahraga
799,Video Alex Marquez Tak Nyaman Dikuntit Marc di Catalunya,,Olahraga
800,"Bagnaia Comeback di Catalunya, Tetap Redam Ekspektasi di Misano",,Olahraga
